{
  "n_runs": 35,
  "nontrivial_initial_ambiguity": 20,
  "per_condition": {
    "Baseline Random + Atomic": {
      "median_entropy_by_turn": {
        "0": 0.410116318288409,
        "1": -0.0,
        "2": -0.0,
        "3": -0.0,
        "5": -0.0,
        "10": -0.0
      },
      "median_convergence_turn": 1.0
    },
    "Baseline Max-Prob-First + Atomic": {
      "median_entropy_by_turn": {
        "0": 0.410116318288409,
        "1": 0.4318194025848072,
        "2": -0.0,
        "3": -0.0,
        "5": -0.0,
        "10": -0.0
      },
      "median_convergence_turn": 2.0
    },
    "Baseline ERG + Atomic": {
      "median_entropy_by_turn": {
        "0": 0.410116318288409,
        "1": -0.0,
        "2": -0.0,
        "3": -0.0,
        "5": -0.0,
        "10": -0.0
      },
      "median_convergence_turn": 1.0
    },
    "Ours: Clustering + EIG + Atomic": {
      "median_entropy_by_turn": {
        "0": 0.410116318288409,
        "1": 0.2337916587064593,
        "2": -0.0,
        "3": -0.0,
        "5": -0.0,
        "10": -0.0
      },
      "median_convergence_turn": 1.0
    },
    "Ours: Clustering + EIG + Feature Grouping": {
      "median_entropy_by_turn": {
        "0": 0.410116318288409,
        "1": 0.2337916587064593,
        "2": -0.0,
        "3": -0.0,
        "5": -0.0,
        "10": -0.0
      },
      "median_convergence_turn": 1.0
    }
  }
}